first_name,last_name,age,city
Conrad,Kate,22,Aliso Viejo
Rosalie,Rory,84,Battle Creek
Aranza,Greyson,54,Portsmouth
Zachary,Daniela,38,El Paso
Colby,Cullen,81,Charlottesville
Ellis,Vanessa,14,North Miami
Henley,Isabel,80,Columbus
Achilles,Mariana,51,Kenner
Moises,Valerie,14,Menifee
Zainab,Kolten,77,Canton
Walter,Hugo,97,Chino
Rocky,Chad,38,Sandy Springs
Adalyn,Paulina,84,Huntington Beach
Heavenly,Lylah,71,Los Angeles
Nevaeh,Natasha,58,McAllen
Eddie,Zion,53,Biloxi
Landry,Savannah,14,Gaithersburg
Gianna,Max,51,Columbia
Penelope,Kylan,22,Cutler Bay
Ibrahim,Archer,20,Rocky Mount
Hadlee,Kailani,33,Coachella
Enzo,Adilynn,31,Joliet
Taylor,Enzo,24,Mentor
Katalina,Ana,58,Noblesville
Phillip,Tara,35,Walnut Creek
Laura,Conor,26,Newnan
Johnathan,Wilder,79,Peabody
Quinn,Paula,99,Elyria
Jagger,Zyaire,46,Oshkosh
Damon,Rey,47,Southaven
Aryan,Johan,55,Lincoln
Isabela,Ty,10,Westfield
Kimora,Alvaro,99,Campbell
Aurelia,Davion,74,Baldwin Park
Liberty,Elsie,26,Yakima
Charleigh,Louisa,49,Euclid
Raymond,Alessandra,29,Stonecrest
Kole,Reece,67,Romeoville
Emmaline,Tatum,44,St. George
Kolten,Gustavo,50,Costa Mesa
Edgar,Liliana,57,Pasadena
Miriam,Griffin,39,Boynton Beach
Luciano,Madison,83,Bowie
Jordan,Mauricio,13,Berwyn
Brinley,Adelyn,92,Florence
Dominic,Dennis,67,Lancaster
Kennedy,Harmony,33,Dunwoody
Amaris,Adelynn,64,Jonesboro
Kenia,Ari,52,Turlock
Orlando,Ian,48,Apple Valley
Blakely,Xzavier,33,San Jacinto
Aya,Garrett,78,Hollister
Helen,Collin,62,Bethlehem
Karter,Kai,83,Beaverton
Adrienne,Caylee,56,Wichita
Dakota,Sonia,28,Coconut Creek
Abraham,Oakley,95,Joliet
Finnegan,Lewis,19,Palo Alto
Khari,Zane,65,Weymouth Town
Alivia,Dakota,87,Sayreville
Rose,Vincenzo,34,Boston
Estrella,Selah,78,Carson
Westin,Brady,13,Kannapolis
Zavier,Abby,99,Elmhurst
Jaden,Agustin,39,Moorhead
Delaney,Fernando,32,Racine
Livia,Paulina,17,Santa Cruz
Brycen,Mackenzie,86,Lake Oswego
Abraham,Anika,56,Bell Gardens
Addison,Mia,25,Pensacola
Zayd,Xavier,72,Visalia
Caroline,Zariah,56,Sparks
Demetrius,Joey,66,Schertz
Rayna,Khalil,58,Lake Forest
Norah,Paola,79,Bellingham
Jayden,Sierra,100,Norfolk
Finnley,Samir,42,Knoxville
Kelvin,Dylan,67,Lake Oswego
Roger,Antonella,87,Grand Rapids
Kannon,Jaylee,81,Grand Junction
Jada,Conrad,40,Fitchburg
Raegan,Sullivan,28,Portsmouth
Tori,Marina,67,Lenexa
Jett,Maggie,46,Bend
Xzavier,Tiffany,78,Kansas City
Dariel,Kason,27,Belleville
Theo,Milan,11,Port Arthur
Madilyn,Kairi,17,Sayreville
Sonia,Evelyn,52,Berkeley
Korbin,Kaylin,38,Madison
Sky,Jaxson,100,Parma
Terrell,Celeste,86,Brea
Mary,Kara,69,Augusta-Richmond County
Gregory,Salvador,41,Scottsdale
Claire,Wade,89,Bismarck
Ariana,Julieta,92,Dunwoody
Taylor,Roselyn,100,Weymouth Town
Everett,Asa,83,Bedford
Chloe,Steven,89,Hutchinson
Andrea,Faye,61,Culver City
Landen,Lukas,91,Renton
Amaya,Otto,23,Wauwatosa
Cecelia,Killian,31,Shelton
Janessa,Aviana,34,Kirkland
Adelynn,Kelly,65,Newark
Zander,Jazlynn,82,Atlanta
Celine,Damian,88,Midwest City
Jemma,Vera,73,Campbell
Thatcher,Duke,16,Lowell
Aminah,Roger,24,New Bedford
Sylvia,Zuri,33,Shawnee
Noemi,Devin,82,Oro Valley
Cristian,Otis,55,Urbandale
Egypt,Calliope,87,Worcester
Heaven,Mohammed,96,Overland Park
Aiden,Trinity,93,Minnetonka
Rene,Charli,89,Kent
Emerson,Santana,67,Burlington
Nyla,Breanna,83,Folsom
Jocelyn,Luke,70,Pearland
Dayton,Caylee,20,Amarillo
Celeste,Lucca,63,Novato
Journey,Collins,51,Tallahassee
Michaela,Matteo,72,Burbank
Aliana,Kyree,17,Whittier
Liana,Brodie,92,Lakewood
Tanner,Kailey,45,St. George
Bentlee,Rocky,26,Perris
Sterling,Zariah,82,Titusville
Daisy,Matias,71,South Fulton
Dulce,Griffin,35,San Mateo
Laila,Fernando,41,Eagan
Terrence,Adley,66,Jackson
Franklin,Terrence,16,Santee
Drake,Georgia,45,Council Bluffs
Van,Brett,70,St. Joseph
Javon,Makenzie,24,Farmers Branch
Aryanna,Aldo,86,St. Cloud
Janiyah,Johan,73,Joplin
Wayne,Edgar,23,Eden Prairie
Bristol,Bruno,44,Santa Clara
Eliseo,Sullivan,72,Aurora
Cannon,Harley,82,North Little Rock
Isabella,Lance,19,Cedar Rapids
Lee,Avery,31,Kannapolis
Madilynn,Adelaide,77,Lodi
Ray,Tanner,79,Jersey City
Ayan,Jordyn,55,La Crosse
Aiyana,Aria,90,Berkeley
Remington,Darren,59,El Cajon
Myah,Dominic,14,Longview
Jaxon,Jermaine,21,San Luis Obispo
Tristan,Ariya,21,Bellflower
Yamileth,Ares,26,Missouri City
Maryam,Alexander,35,Ocoee
Benson,Alessia,27,Grand Forks
Arlo,Simon,10,Roseville
Benjamin,Rylan,59,Springfield
Adelyn,Tinsley,44,Framingham
Kamden,Seamus,24,Eastvale
Easton,Remington,55,Watsonville
Alisa,Trinity,18,Louisville/Jefferson County
Dax,Arabella,55,Farmington Hills
Marie,Magnus,81,Sacramento
Aidan,Joshua,22,Pico Rivera
Sylvie,Aadhya,25,Summerville
Kailee,Mark,59,San Marcos
Jimena,Alfonso,76,Overland Park
Elijah,Mike,94,Peabody
Nikolai,Journey,28,Woodbury
Nova,Byron,59,Pine Bluff
Vaughn,Lexie,52,Corona
Angelo,Eva,68,North Charleston
Paige,Odin,61,South Jordan
Jimena,Antonella,23,San Clemente
Alana,Skyla,48,Mesquite
Aarav,Dominick,55,Jupiter
Aron,Oliver,97,Haltom City
Armando,Ainsley,74,Richmond
Oakley,Josie,59,Bossier City
Anahi,Joyce,74,Mobile
Zahra,Roger,85,Sugar Land
Heavenly,Kaison,46,Minnetonka
Joaquin,Reid,17,St. Petersburg
Gannon,Julian,38,Alhambra
Kyler,Issac,44,Rogers
Robert,Lilliana,69,Hartford
Adelaide,Emmaline,40,Iowa City
Bianca,Faith,47,Santee
Dominik,Colin,18,Fresno
Fiona,Eugene,67,Lowell
Ellen,Amy,85,Dearborn Heights
Madalyn,Lennox,67,San Diego
George,Darian,63,Pompano Beach
Victoria,Reagan,23,Montgomery
Cory,Jackson,98,Duluth
Adalynn,Richard,18,Richland
Xavier,Lance,71,Burnsville
Aliza,Lillianna,41,Johns Creek
Seth,Estella,47,Blacksburg
Graysen,Santiago,54,Bartlett
Zion,Ainsley,79,West Covina
Braydon,Makenzie,87,Westland
Guadalupe,Johan,14,Lake Oswego
Fox,Brady,71,West Sacramento
Junior,Alia,53,North Lauderdale
Julio,Amara,40,Millcreek
Titus,Kobe,81,Lancaster
Vihaan,Paloma,14,Pembroke Pines
Sky,Piper,87,San Leandro
Riley,Everlee,18,Indio
Kailey,Emmanuel,76,Des Moines
Clyde,Lillie,99,Dubuque
Arjun,Aviana,55,Highland
Abdiel,Gunnar,64,Rohnert Park
Paola,Erik,95,Knoxville
Maxwell,Oscar,13,Novi
Sterling,Marco,75,Bloomington
Bronson,Scarlette,41,Salinas
Madelynn,Charlie,71,Santa Fe
Bo,Conrad,46,San Gabriel
Ian,Grady,69,Huntersville
Duke,Tegan,46,Danbury
Harold,Remington,26,Skokie
Guillermo,Hayley,62,Davie
Brenda,Alonso,89,Concord
Lexie,Colt,93,Issaquah
Daleyza,Nina,55,Santee
Colin,Alijah,35,Broomfield
Nelson,Amir,29,Layton
Melanie,Keyla,33,Smyrna
Elian,Davis,25,Hawthorne
Fox,Lydia,96,Fort Smith
Leonel,Lorenzo,81,Gary
Remi,Camille,12,Germantown
Skyler,Kyra,50,Turlock
Kellan,Lucca,37,Omaha
Gunner,Jane,36,Kalamazoo
Valentino,Emilia,88,Blaine
Miranda,Hayden,12,Brookhaven
Hadlee,Damian,97,Lexington-Fayette
Gustavo,Misael,79,Lafayette
Corinne,Valentino,38,Green Bay
Avianna,Douglas,38,Malden
Aniyah,Kelvin,60,Lancaster
Zelda,Kace,77,Pleasanton
Joselyn,Itzel,46,Hagerstown
Cristiano,Harley,76,Moorhead
Alexis,Caroline,73,West Allis
Harper,Mark,54,Racine
Esperanza,Ingrid,48,Stockton
Everly,Zara,12,Rosemead
Santino,Skyler,17,Lynchburg
Marley,Xavier,47,Auburn
Jaliyah,Killian,29,Bend
Rowen,Edith,36,Hickory
Kendall,Emery,17,White Plains
Asa,Angie,75,Linden
Santos,Princess,54,Fort Collins
Scott,Macie,50,Columbia
Sean,Camron,31,New Braunfels
Sonny,Gerardo,69,Greenwood
Shmuel,Thatcher,39,Santa Clara
Ariyah,Marco,75,Delano
Cadence,Jaime,25,El Monte
Braelyn,Jeffrey,57,Brockton
Karla,Douglas,77,Lancaster
Carolyn,Trenton,67,Elk Grove
Max,Ahmad,67,Eden Prairie
Cataleya,Taylor,64,Southaven
Emmanuel,Tara,44,Minnetonka
Wells,Joshua,31,DeSoto
Madelyn,Irene,16,Arvada
Marley,Skyler,58,Berwyn
Casen,Sage,57,Simi Valley
Laura,Greyson,33,San Jacinto
Titus,Aiden,73,Camarillo
Ronald,Sariah,65,St. Clair Shores
Armani,Yahya,56,Mobile
Bridget,Vincent,78,Johns Creek
Zainab,Iliana,98,Dubuque
Judah,Finn,56,Lodi
Siena,Mathias,39,Gallatin
Megan,Landyn,26,Dublin
Aranza,Destiny,13,Lexington-Fayette
Chaim,Raelynn,42,Casper
Santino,Kian,67,El Cajon
Kolton,Jemma,61,New York
Damon,Emely,54,Franklin
Ellison,Wade,100,Coachella
Landry,Malani,95,Norman
Maximus,Braelynn,76,Oakland Park
Kyrie,Princess,79,Arcadia
Milani,Shepard,75,Melbourne
Brayson,Callen,67,Toledo
Trinity,Nayeli,47,Placentia
Kohen,Mohammad,60,Warren
Brody,Braxton,10,Great Falls
Annabel,Egypt,25,Lakewood
Jensen,Ryan,49,Albany
Halle,Rosie,92,Elyria
Paxton,Florence,46,Aliso Viejo
Justin,Dilan,20,Jacksonville
Patrick,Esmeralda,21,Omaha
Conner,Eden,41,Southaven
Marcos,Kenna,40,Fayetteville
Leroy,Mike,60,Deerfield Beach
Carmelo,Samir,48,Hollister
Shawn,Colby,71,Oro Valley
Mathew,Kailyn,62,Medford
Carter,Kaydence,17,Sherman
Samara,Claudia,61,Santa Fe
Lane,Cristian,94,Beverly
Maurice,Tristen,72,Hattiesburg
Wilson,Mario,50,O'Fallon
Milena,Anson,59,Sandy
Nixon,Isabela,15,Shelton
Bethany,Kelly,59,Baytown
Reed,Joelle,85,Flagstaff
Kayla,Cody,10,Boston
Chelsea,Rey,91,Norman
Jayleen,Colton,49,New Orleans
Joaquin,Harleigh,41,Palmdale
Claudia,Raylan,18,Frederick
Grace,Graysen,54,Dallas
Karina,Koda,15,Garland
Deborah,Moshe,83,Davenport
Derek,Leona,64,Hesperia
Anders,Leonel,56,El Paso
Joe,Jakob,30,Ann Arbor
Rhett,Boone,85,Frederick
Josie,Emelia,27,Millcreek
Kelly,Sloane,99,Hoboken
Laila,Howard,22,Watsonville
Remi,Alejandro,24,Bryan
Hugo,Imani,76,St. Cloud
Merrick,Naya,23,Homestead
Gabrielle,Kye,75,Omaha
Helen,Scarlette,60,Fall River
Saoirse,Madalyn,35,St. Charles
Jorge,Zachary,45,Euless
Greysen,Kendra,93,Fond du Lac
Alaina,Dallas,86,Woburn
Harley,Azariah,58,Hoboken
Melanie,Brooks,58,Davie
Aidan,Porter,68,Manhattan
Caylee,Laylah,83,Delaware
Aviana,Analia,30,Salem
Santino,Jacob,94,Albany
Maia,Serenity,20,Pinellas Park
Madilynn,Chloe,16,Westfield
Aspen,Leo,73,Tinley Park
Orlando,Jessa,34,Dearborn Heights
Anne,Alessandra,18,North Port
Brooks,Thatcher,78,Jurupa Valley
Kaylee,Jocelyn,18,Draper
Jaycee,Melina,13,Gastonia
Bella,Layla,35,Upland
Rhys,Lana,55,Duluth
Cairo,Felix,75,Beaumont
Kellen,Blaze,87,Tacoma
Melody,Cole,73,New Haven
Cade,Cecelia,14,Edinburg
Reyansh,Linda,70,Wake Forest
Paityn,Adelyn,14,Lancaster
Konnor,Porter,30,Manteca
Mike,Ariyah,14,La Quinta
Brielle,Tara,80,Fremont
Marcus,Lainey,50,Tustin
Eugene,Fletcher,99,Fort Worth
Magdalena,Lisa,74,San Marcos
Elliot,Kannon,70,Bayonne
Matilda,Harrison,87,Biloxi
Livia,Eloise,63,Friendswood
Brysen,Aubriella,12,Richmond
Hank,Stevie,43,Chandler
Emely,Megan,28,West Lafayette
Mayson,Lana,88,Broomfield
Ayden,Skyler,84,Burien
Reed,Cora,78,San Francisco
Averie,Kinley,53,Roswell
Jillian,Dominik,74,Grapevine
Damian,Jordyn,15,Tigard
Zoie,Reign,23,Kansas City
Calliope,Kinslee,19,Bell Gardens
Romina,Aspen,58,Tamarac
Lea,Terrence,54,Fall River
Giuliana,Axl,51,Herriman
Zachariah,Rocco,31,Carmel
Ulises,Bodie,74,Mount Vernon
Estrella,Justice,35,Greenwood
Emmeline,Russell,81,San Luis Obispo
Zariyah,Caleb,30,Harrisburg
Adaline,Blake,60,Troy
Augustus,Terrell,43,New Bedford
Kiara,Maia,83,Salina
Nasir,Agustin,81,DeSoto
Jada,Keith,15,San Ramon
Kira,Astrid,38,Woburn
Gannon,Kendrick,93,Victoria
Brysen,Mitchell,94,Wentzville
Zaniyah,Noor,37,Fort Myers
Ryann,Ariel,13,Norwalk
Eliza,Luke,26,Pittsburgh
Daphne,Alexzander,64,Troy
Delilah,Legend,75,Compton
Amari,Kole,29,Greeley
Zander,Ethan,86,Franklin
Rachel,Marianna,99,Galveston
Chaya,Leila,61,Des Plaines
Elena,Ryker,34,Woburn
Emmett,Howard,11,Costa Mesa
Toby,Adley,98,Vallejo
Isla,Lisa,72,Auburn
Marcelo,Skylar,70,Pflugerville
Rayan,Jasper,32,Romeoville
Kobe,Beatrice,67,Paterson
Anna,Daniela,85,Taylor
Angel,Micah,15,Roseville
Saoirse,Barrett,49,Lubbock
Salvador,Melany,11,Salina
Ameer,Yisroel,51,Southfield
Alfonso,Charlie,27,Sayreville
Rogelio,Lexie,60,Pleasanton
Malakai,Charli,35,Kyle
Wesley,Ellen,81,Aurora
Westin,Avery,77,Florence
Elise,Braydon,70,Lakewood
Kalani,Abril,75,Allentown
Shiloh,Sofia,15,York
London,Magnolia,95,Chico
Roselyn,Annabella,50,Yuba City
Kareem,Khalil,26,West Lafayette
Hailey,Ezekiel,24,Huntsville
Kaleb,Reuben,86,Linden
Jada,Aleah,53,Brownsville
Owen,Apollo,15,Huntington Beach
Ellison,Nova,22,Draper
Anders,Ensley,35,Lakeville
Alexandra,Ariella,17,Ankeny
Matilda,Jesus,78,Brea
Ryker,Kaiser,27,Nashua
Kolten,Hattie,14,Irving
Orion,Adriana,31,Galveston
Gatlin,Johnny,92,Covina
Tatum,Samantha,99,Dayton
Esme,Remi,39,Evanston
Chana,Alvin,11,Evansville
Sandra,Nicholas,74,Littleton
Richard,Noel,56,Oak Park
Bjorn,Genesis,60,Davie
Julia,Lance,61,Findlay
Millie,Micah,29,Shelton
Carter,Celia,48,Peoria
Harper,Chase,30,Midland
Brianna,Naomi,30,Westfield
Alonso,Madison,70,Monroe
Melany,Arya,34,Rochester
Salvatore,Santino,14,Surprise
Meredith,Dallas,70,Hartford
Cora,Magnus,41,Montebello
Ernest,Simone,56,Wichita
Deborah,Isabella,33,Monterey Park
Tristian,Douglas,41,Cerritos
Edith,Deborah,69,Everett
Zoey,Skye,48,Lombard
Lena,Brenden,33,Prescott Valley
Hanna,Bethany,58,Redding
Tiffany,Salma,76,Greeley
Caspian,Kace,76,Hendersonville
Mercy,Conrad,50,Naperville
Zuri,Zechariah,22,Pomona
Kason,Sasha,65,Novato
Calliope,Angelina,94,Berkeley
Andi,Aarav,83,New Braunfels
Vada,Kohen,37,Allen
Aileen,Francisco,57,Rancho Cucamonga
Mekhi,Karina,21,Pasco
Damon,Alaia,66,Green Bay
Ignacio,Kairi,18,West New York
Riley,Aleah,23,Oklahoma City
Brody,Arian,42,Downey
Evie,Ahmad,80,Cedar Park
Macy,Lauryn,21,Gary
Wesson,Julianna,76,Green Bay
Shawn,Avalynn,40,Rancho Palos Verdes
Sawyer,Kimora,70,Santa Clarita
Harold,Dakota,38,Southfield
Santos,Margaret,25,Roseville
Adelyn,Matteo,12,La Puente
Edgar,Elizabeth,21,Roanoke
Kai,Jessie,17,Yorba Linda
Andre,Emmy,19,Hoboken
Haley,Carson,43,Walnut Creek
Yadiel,Emma,92,Lancaster
Sylvia,Killian,100,Spokane Valley
Lachlan,Bryson,15,Miramar
Yamileth,Riya,75,Round Rock
Khloe,Axton,43,Pittsburgh
Angelina,Lilliana,22,Cincinnati
Emely,Samira,10,San Marcos
Angelo,Konnor,90,Orland Park
Johan,Rebecca,10,Chelsea
Roman,Alfredo,54,Clearwater
Scarlett,Aspen,17,Pinellas Park
Nicolas,Willie,84,Haverhill
Matteo,Genesis,88,Mesa
Angie,Noor,93,Gulfport
Zyaire,Payton,63,Costa Mesa
Daleyza,Kase,26,West Lafayette
Mateo,Justin,28,Hamilton
Declan,Makayla,42,El Cajon
Viviana,Ariel,55,Plantation
Carson,Tatiana,82,Lake Oswego
Rex,James,95,Perris
Adriel,Penelope,98,Hempstead
Cecelia,Odin,37,Spanish Fork
Rex,Paulina,72,Pomona
Sandra,Randall,24,Roanoke
Milana,Clarissa,17,Fort Worth
Malani,Aldo,53,Vacaville
Ana,Harmony,32,Milwaukee
Frankie,Karlie,60,Concord
Erika,Michael,12,Keller
Charleigh,Bentlee,54,Fort Pierce
Rowen,Ethan,69,Flint
Russell,Sutton,30,St. Cloud
Leah,Eddie,93,Oviedo
Misael,Kailyn,45,Philadelphia
Elyse,Nolan,13,Waterloo
Mohammed,Egypt,90,Suffolk
Adaline,Fabian,82,Taunton
Lionel,Hayden,46,Laguna Niguel
Marshall,Alora,48,Rochester Hills
Elena,Emery,57,Porterville
Leila,Ainsley,83,Lauderhill
Angela,Clark,60,Chelsea
Phoebe,Nylah,51,Whittier
Walker,Timothy,30,Plantation
Rey,Regina,74,O'Fallon
Ridge,Adrian,41,Pharr
Jose,Landry,87,Fountain Valley
Rory,Ashley,72,Redmond
Gavin,Baylor,86,Council Bluffs
Dallas,Colten,87,Crystal Lake
Jamir,Marco,91,Evanston
Malaya,Leonardo,14,Kenner
Lyric,Jenna,52,Danville
Rogelio,Angelina,43,Clearwater
Julia,Dorothy,61,Lincoln
Reign,Bruce,45,Auburn
Natasha,Paityn,39,Thousand Oaks
Ariella,Lyle,60,Coral Springs
Tinley,Blaise,41,Vancouver
Tenley,Nola,26,Waltham
Raquel,Ellianna,69,Rochester Hills
Nayeli,Mila,34,Alameda
Hunter,Leilani,93,Lee's Summit
Amiya,Celeste,65,Yakima
Fernanda,Rachel,67,South Bend
Mae,Eliana,94,San Leandro
Jacqueline,Alexzander,85,Lake Forest
Ailani,Colt,48,Lake Havasu City
Louisa,Avalynn,18,Tigard
Nico,Johnathan,46,Pflugerville
Bjorn,Marshall,89,Bryan
Davian,Zane,33,Jackson
Kaya,Hunter,58,Flower Mound
Coleman,Lillianna,76,Yorba Linda
Sylvia,Milena,76,West Des Moines
Sydney,Paloma,88,Westfield
Karina,Rocky,40,Hutchinson
Raven,Dexter,70,Gaithersburg
Leland,Selene,51,Erie
Uriah,Valeria,51,Westerville
Jurnee,Kyng,91,Enid
Gerald,Maggie,15,Waukegan
Lyla,Octavia,21,Ames
Corinne,Alexandra,81,San Bernardino
Dallas,Brylee,90,Newton
Elisha,Aubrey,95,Tempe
Kyree,Giovanni,38,Orange
Luka,Kaylie,43,Porterville
Harlow,Armando,37,Temple
Joy,Elliott,76,Gainesville
Jamal,Malaysia,49,Pawtucket
Ember,Alaric,49,York
Milan,Brock,20,Loveland
Hezekiah,Itzayana,58,Castle Rock
Mae,Ricardo,46,Baldwin Park
Jared,Kalel,15,Rockville
Elena,Jasper,79,Mountain View
Avi,Salvador,21,Commerce City
Ryan,Julianna,19,Manassas
Wells,Dario,28,Columbia
Angelique,Israel,48,Wauwatosa
Frankie,Milena,24,Lawrence
Blakely,Zariyah,94,Hollywood
Rodney,Elaina,86,Portsmouth
Blake,Daisy,63,Titusville
Aubrey,Catherine,81,Pompano Beach
Steven,Charles,38,Akron
Musa,Gemma,14,Bell Gardens
Hanna,Bruce,51,Waukesha
Marlowe,Bryant,75,Palm Desert
Iker,Maximo,54,Boca Raton
Fisher,Bianca,59,Menifee
Noe,Lilyana,38,Birmingham
Colby,Addyson,71,St. Paul
Junior,Cecelia,39,Syracuse
Brendan,August,75,Missoula
Thiago,Milena,57,Apple Valley
Juliana,Pierce,60,New Britain
Remy,Asher,35,Orange
Bodhi,Emely,19,Elk Grove
Tiffany,Riley,40,Montebello
Abby,Damon,63,Gulfport
Ramiro,Victor,45,Jurupa Valley
Hayes,Rocco,34,Jonesboro
Blair,Gianluca,14,Caldwell
Marco,Karla,64,Apex
Gracelyn,Johan,54,Cape Girardeau
Adrien,Noel,50,Chattanooga
Abdullah,Nola,34,Germantown
Zuri,Meredith,53,Livermore
Eduardo,Jace,29,Chattanooga
Celeste,Renee,22,West Sacramento
Jolene,Major,95,Salina
Ernest,Remy,42,Baltimore
Rory,Matteo,65,San Ramon
Paisleigh,Cole,35,Spokane Valley
Kalani,Salvador,94,Providence
Kamden,Annabel,14,Waco
Frida,Guillermo,37,Smyrna
Makenzie,Jordan,78,Buckeye
Aniya,Mallory,19,Lauderhill
Thaddeus,Zeke,37,Minneapolis
Adriana,Catalina,41,Lewisville
Kamryn,Stephanie,22,Denver
Edith,Poppy,92,Beaumont
Wayne,Rebecca,18,Schaumburg
Henry,Princeton,22,Hartford
Mabel,Madalynn,90,Cleveland
Conrad,Aaron,94,Concord
Lucille,Daniela,72,Santee
Ayden,Mabel,94,Tustin
Kalani,Trey,57,Edinburg
Cayson,Arturo,62,Attleboro
Bjorn,Terry,37,Lincoln
Maci,Kolton,67,Cathedral City
Kylee,Adalyn,98,Elgin
Dariel,Aranza,74,Danville
Jett,Kace,95,St. Paul
Sage,Macie,28,San Marcos
Willie,Tristan,90,Barnstable Town
Evelynn,Aaron,11,Independence
Kali,Malakai,11,Blaine
Foster,Sean,97,Grapevine
Xavier,Nickolas,68,Stillwater
Kimora,Javon,67,Flower Mound
Claire,Travis,58,Racine
Alessia,Westin,91,New Orleans
Thiago,Zuri,98,Marlborough
Gary,Ethan,89,Keizer
Elliot,Kyle,58,Turlock
Raelynn,Zaniyah,14,Torrance
Gianna,Mauricio,20,Covington
Dawson,Cristian,21,Parker
Carolyn,Blaze,65,Watsonville
Uriah,Kaylani,10,Harrisonburg
Connor,Grady,62,Midwest City
Ruth,Aurelia,88,San Gabriel
Rohan,Macie,31,Hallandale Beach
India,Arabella,30,Midwest City
Cason,Cora,71,Upland
Keegan,Vienna,72,Boston
Megan,Elaina,84,Palm Bay
Sophie,Issac,67,Edina
Emmeline,Greta,78,Lee's Summit
Briana,Haley,26,Watsonville
Poppy,Korbin,76,Montclair
Kassandra,Kenny,49,Bentonville
Azariah,Calvin,31,Ann Arbor
Nicole,Jamie,87,Huntsville
Dominique,Zara,64,Georgetown
Marley,Meadow,65,Belleville
Tara,Esme,43,West Covina
Jason,Finnegan,78,Boulder
Rowan,Brooke,11,Gulfport
Nadia,Neil,71,Menifee
Romina,Kylan,78,Abilene
Logan,Ansley,14,North Little Rock
Analia,Briana,96,Salem
Arian,Kristina,97,Pawtucket
Isabela,Davina,77,Perris
Emilia,Kylie,50,Woonsocket
Howard,Emiliano,19,Joliet
Caleb,Felicity,13,Longview
Xzavier,Kayson,83,Oviedo
Hadley,Misael,24,Coral Springs
Stanley,Chandler,66,Haltom City
Finley,Cecelia,59,Jonesboro
Emelia,Angelo,41,Minnetonka
Milana,Alani,41,Royal Oak
Benton,Huxley,80,Methuen
Odin,Garrett,97,Bryan
Maximiliano,Kynlee,50,Commerce City
Meilani,Amber,64,Binghamton
Breanna,Bethany,96,Bonita Springs
Mitchell,Javon,11,Newton
Emanuel,Haylee,60,Baldwin Park
Madilyn,Dayton,92,Vineland
Jameson,Emelia,97,Gastonia
Elyse,Aisha,32,San Angelo
Kaden,Raina,27,Kennewick
Madisyn,Harper,73,Des Plaines
Reign,Melanie,22,Indio
Anaya,Karen,20,Waukegan
Jillian,Emmaline,23,Springfield
Nayeli,Erick,91,Fort Smith
Aron,Fernando,59,Athens-Clarke County
Alayna,Kaden,45,Manchester
Jennifer,Esmeralda,53,Palmdale
Daphne,Brayden,61,Grand Rapids
Lola,Otis,92,Irving
Nasir,Chad,97,Rancho Santa Margarita
Harper,Devin,44,Spanish Fork
Mary,Van,35,Rochester
Myra,Annabella,59,La Quinta
Rey,Craig,28,Dayton
Genesis,Karter,44,Brooklyn Park
Kellen,Landen,14,Gaithersburg
Nala,Boone,52,Milford
Ryleigh,Addisyn,37,Bellevue
Carter,Andrea,88,Wyoming
Elena,Colson,94,Gainesville
Preston,Lilliana,20,Glendale
Kalani,Kellen,83,Laredo
Kathleen,Lee,69,Lawrence
Teresa,Oaklee,87,Louisville/Jefferson County
Sarai,Evelyn,64,Council Bluffs
Madeleine,Chaim,84,Fullerton
Angela,Bridget,61,Farmers Branch
Rayne,Nina,25,Jersey City
Mack,Dax,43,Chattanooga
Jeffrey,Kyng,76,Wilson
Natasha,Nicole,17,Smyrna
Claudia,Kiara,57,San Leandro
Yosef,Derrick,66,Wauwatosa
Alonso,Conor,97,Lake Elsinore
Zoey,Howard,75,Augusta-Richmond County
Soren,Cruz,12,Apple Valley
Haley,Misael,36,Salinas
Savannah,Decker,52,Fond du Lac
Anna,Colby,100,Victoria
Vicente,Makayla,59,Fort Wayne
Axel,Marcos,45,Cutler Bay
Rosemary,Jaziel,90,Bellevue
Sawyer,Lilianna,68,Sparks
Yareli,Aden,34,Santa Clara
Iker,Chaim,10,Bakersfield
Maxim,Jermaine,83,Palatine
Brandon,Thalia,14,St. Cloud
Xavier,Clara,72,El Monte
Alexander,Jax,91,Huntsville
Cecilia,Paisleigh,27,Huntington Beach
Maximiliano,Zavier,22,Hilton Head Island
Kyra,Ace,93,Santa Clara
Beckett,Amir,72,Miami
Julie,Avery,80,Hendersonville
Brylee,Gunner,70,Carol Stream
Jane,Sloan,69,Petaluma
Catherine,Niko,48,Laredo
Carla,Aniya,92,Saginaw
Wade,Mathew,47,Grand Forks
Riley,Barbara,46,Calexico
Ashlynn,Elizabeth,81,Missoula
Kai,Madelynn,88,Brockton
Pierce,Mekhi,26,North Las Vegas
Rafael,Ameer,81,Fort Lauderdale
Ismael,Tinsley,97,Roanoke
Amara,Arthur,98,North Little Rock
Corinne,Boone,71,Dubuque
Jayce,Craig,56,Redwood City
Jairo,Alessandro,94,Boston
Aryanna,Kiara,96,Harlingen
Rafael,Michelle,40,Tampa
Raegan,Tommy,36,St. Cloud
Arianna,Esther,78,St. Cloud
Julieta,Freya,73,Tulare
Jayson,Nancy,61,Lawton
Finn,Malakai,49,Mesa
Layne,Avery,46,Bethlehem
Dilan,Dalary,83,Union City
Ivory,Saige,87,Brentwood
Mae,Heidi,18,Milwaukee
Gael,Katalina,34,Beavercreek
Joshua,Barbara,96,Grove City
Mario,Melissa,87,Oro Valley
Gabriella,Keegan,28,Madison
Marlon,Hanna,91,Delaware
Judson,Marcelo,88,Florence
Korbin,Leslie,16,St. Louis
Piper,Bentley,15,Boulder
Adilynn,Raymond,96,Springfield
Aylin,Belen,16,Wellington
Tyson,Mina,14,Waco
Dario,Jerome,10,Columbus
Easton,Mikaela,90,Westminster
Dillon,Franco,17,North Miami Beach
Aadhya,Bradley,44,Shoreline
Zariah,Presley,38,Longview
Melina,Alaya,80,Campbell
Tara,Benton,53,Chino
Jessa,Kendall,21,Southaven
Egypt,Briana,24,Kettering
Ada,Hugo,73,Taunton
Brentley,Kayden,72,Kansas City
Brynlee,Rene,96,Daytona Beach
Amara,Andre,41,Ames
Kannon,Paige,33,Pompano Beach
Beau,Ezequiel,48,Goose Creek
Joy,Kora,23,Normal
Carmelo,Mike,75,Naperville
Crew,Gage,46,Portland
Agustin,Blair,94,Tustin
Arlo,Hendrix,52,Kettering
Aiden,Ben,20,Canton
Leighton,Peyton,12,Peoria
Abdiel,Julian,85,Winter Garden
Damien,Ishaan,97,Maricopa
Anakin,Josephine,25,Taylorsville
Xavier,Erik,25,Poway
Sean,Skyla,71,Concord
Jaden,Westley,90,Cupertino
Veronica,Miya,13,Jacksonville
Kash,Aitana,49,Washington
Isabela,Juliana,35,Pasadena
Bradley,Moises,65,Daly City
Romeo,Guillermo,50,Fairfield
Evangeline,Samantha,72,Jupiter
Livia,Dane,73,Southfield
Briar,Reece,85,Brentwood
Andrea,Blakely,55,Wilmington
Josephine,Kimber,86,Maple Grove
Keaton,Abril,72,Pomona
Nash,Cooper,10,Beaumont
Arielle,Matilda,88,Orem
Arielle,Kian,72,Baton Rouge
Florence,Nalani,75,Lombard
Tatiana,Henley,67,Fort Worth
Josiah,Theo,24,Novi
Rene,Brooks,70,Hallandale Beach
Kadence,Xiomara,81,Ontario
Katelyn,Vivian,80,North Miami Beach
Lexi,Frederick,81,Sherman
Madalyn,Meredith,22,Springfield
Josephine,Cassius,91,Milford
Zahir,Naomi,38,Biloxi
Taliyah,Whitney,46,Hamilton
Vihaan,Angel,56,Gresham
Dakota,Luciano,29,Lewisville
Gregory,Raylee,28,New Bedford
Patrick,Alessandro,100,Murray
Dawson,Warren,36,Odessa
Luke,Joanna,12,Pompano Beach
Joaquin,Rodney,48,Columbia
Dream,London,78,West Covina
Jewel,Steven,48,Memphis
Boone,Ana,20,Lorain
Melanie,Keaton,82,Waukegan
Alanna,Matthias,97,Mission
Davion,Gage,98,Pocatello
Sandra,Leroy,67,Union City
Khari,Kristopher,25,Midland
Itzayana,Lawrence,93,Newark
Arya,Jaxon,72,Lancaster
Marco,Valentino,12,Bradenton
Averi,Asher,23,Richmond
Jacqueline,Cayden,48,Burlington
Coen,Orion,47,Garden Grove
Kate,Nayeli,62,Council Bluffs
Jabari,Dominik,19,Pleasanton
Marissa,Hattie,38,Anchorage
Evalyn,Rayden,63,Mission
Kaison,Shepherd,14,Concord
Ashley,Claudia,42,Columbia
Andre,Cristian,42,San Bruno
Malik,Lennon,96,Auburn
Micah,Rosalie,37,Gary
Rafael,Devin,68,Compton
Eve,Myra,43,Huntington
Clementine,Fisher,21,Westminster
Peyton,Daleyza,14,Ames
Lilian,Jovanni,29,Decatur
Lucy,Ivan,90,Cathedral City
Melody,Hudson,72,Puyallup
Armani,Marcelo,72,Plant City
Callen,Arianna,28,Fargo
Korbin,Scarlet,58,Conroe
Sage,Hayes,63,Chicago
Hudson,Brinley,46,La Mesa
Adrianna,Fatima,72,Rockville
Bridger,Azalea,39,Des Plaines
Finn,Tanner,65,West New York
Matthias,Adelyn,61,New Berlin
Helena,Gibson,54,Santa Ana
Lauren,Jamie,75,Elk Grove
Dulce,Jalen,98,Gilbert
Natasha,Beckett,16,Killeen
Lennox,Finley,54,Lowell
Katherine,Ruby,88,Haverhill
Leroy,Adele,45,Richmond
Lisa,Nikolai,21,Goose Creek
Nicholas,Sterling,76,Pittsburg
Elliot,Andy,44,Fishers
Kenna,Casey,45,El Cajon
Alvaro,Christine,59,Knoxville
Jonah,Serenity,38,Fresno
Devin,Shiloh,77,Miami
Charley,Nalani,50,Midwest City
Branson,Skyler,76,Savannah
Lane,Dennis,27,Bremerton
Makenzie,Bonnie,10,Roanoke
Bennett,Kaliyah,37,Rancho Cordova
Aubree,Angelo,45,Rockville
Maurice,Kyson,13,Toledo
Bodhi,Kameron,56,Lakeland
Melvin,Jamir,10,Summerville
Avery,Kristopher,10,Chapel Hill
Dilan,Mayson,76,Weston
Ibrahim,Pedro,97,Chelsea
Reyansh,Jazlynn,40,Tuscaloosa
Ty,Kamari,62,DeKalb
Hank,Dominic,82,Manteca
Addilynn,Deacon,40,Lake Oswego
Joyce,Oakley,60,Calexico
Emanuel,Jace,89,Friendswood
Mustafa,Nash,46,Brentwood
Titus,Gunnar,67,Midland
Arlo,Halle,84,Commerce City
Shiloh,Heaven,29,Malden
Alvin,Jillian,22,Sayreville
Makayla,Declan,29,North Miami
Annalise,Maximus,77,Bellevue
Paityn,Blake,42,Fort Lauderdale
Ansley,Kendrick,91,Crystal Lake
Giselle,Jeremiah,64,Marana
Chaya,Zayn,30,Murfreesboro
Musa,Jordy,72,Stillwater
Elsa,Colson,98,Camden
Memphis,Tate,88,Orland Park
Nova,Tinsley,30,Commerce City
Aria,Leroy,75,Joplin
Kareem,Ephraim,19,Leesburg
Rory,Kaiden,14,Dublin
Whitney,Bryan,71,Plainfield
Cecilia,Derek,36,Porterville
Meadow,Miah,76,Minneapolis
Willie,Boston,57,Chapel Hill
Jaylene,Holland,65,Jacksonville
Juan,Kalani,15,Eden Prairie
Nolan,Harlee,13,Indio
Roy,Miley,43,Hurst
Colin,Rhett,76,Indian Trail
Collins,Callie,66,Houston
Omari,Kamden,25,Whittier
Brayan,Saanvi,96,Lake Oswego
Jaden,Ruth,42,Sugar Land
Journey,Serenity,82,Fort Worth
Hope,Maci,96,Smyrna
Carter,Jayla,58,Manteca
Ruby,Peter,32,Garland
Edgar,Jaden,29,Medford
Ricky,Lyra,66,Vista
Salvador,Zain,56,Oxnard
Victoria,Kamryn,42,Ann Arbor
Sarah,Valentin,96,Beaverton
Alaina,Kathryn,16,Wake Forest
Hezekiah,Blaire,97,Rapid City
Aryan,Rhett,18,Cedar Hill
Karter,Danica,23,Schenectady
Cristian,Leslie,75,Battle Creek
Liana,Sebastian,30,Mentor
Zaria,Zoie,63,Barnstable Town
Decker,Trace,36,Miami
Stevie,Dalton,76,Coral Gables
Claire,Vicente,29,Buckeye
Charlie,Cora,86,Virginia Beach
Jamie,Arianna,13,Sunrise
Roy,Adilynn,42,Gilroy
Alayna,Phoenix,99,Palm Coast
Kairo,Lyric,22,Thornton
Mariana,Reagan,45,Apple Valley
Kane,Whitney,54,Paterson
Mohamed,Annabella,25,Folsom
Lia,Brysen,59,Oakland
Briar,Adalynn,59,New Braunfels
Isaac,Analia,94,New Rochelle
Olivia,Francesca,55,Middletown
